"28","Payment Alliance International","981","28","Payment Alliance International","SO-1397G","11499","2010-06-13 18:00:00","2018-06-05 18:00:00","MRC-005-01RP-1XU","M-5-P-0-1-0","Monthly 5 MB Pooled US","USCC",,"SO-1397C"
"28","Payment Alliance International","981","28","Payment Alliance International","SO-1603X","12972","2010-08-03 18:00:00","2018-06-18 18:00:00","MRC-005-01RP-1XU","M-5-P-0-1-0","Monthly 5 MB Pooled US","USCC",,"SO-1603W"
"28","Payment Alliance International","981","28","Payment Alliance International","SO-1603X","12976","2010-08-03 18:00:00","2018-06-18 18:00:00","MRC-005-01RP-1XU","M-5-P-0-1-0","Monthly 5 MB Pooled US","USCC",,"SO-1603W"
"28","Payment Alliance International","981","28","Payment Alliance International","SO-1754Z","13705","2010-09-07 18:00:00","2018-06-26 18:00:00","MRC-005-01RP-1XU","M-5-P-0-1-0","Monthly 5 MB Pooled US","USCC",,"SO-1754Y"
"28","Payment Alliance International","981","28","Payment Alliance International","SO-2036R","15564","2010-11-15 17:00:00","2018-06-14 18:00:00","MRC-005-01RP-1XU","M-5-P-0-1-0","Monthly 5 MB Pooled US","USCC",,"SO-2036Q"
"28","Payment Alliance International","981","28","Payment Alliance International","SO-2105S","15809","2010-12-05 17:00:00","2018-06-19 18:00:00","MRC-005-01RP-1XU","M-5-P-0-1-0","Monthly 5 MB Pooled US","USCC",,"SO-2105R"
"28","Payment Alliance International","981","28","Payment Alliance International","SO-2677L","18531","2011-03-29 18:00:00","2018-06-13 18:00:00","MRC-005-01RP-1XU","M-5-P-0-2-0","Monthly 5 MB Pooled SP","SPRINT",,"SO-2677J"
"47","ATM Concepts, Inc.","42","47","ATM Concepts, Inc.","SO-1316A","10701","2010-05-24 18:00:00","2018-06-25 18:00:00","MRC-005-01RP-1XU","M-5-P-0-1-0","Monthly 5 MB Pooled US","USCC",,"SO-1316"
"47","ATM Concepts, Inc.","42","47","ATM Concepts, Inc.","SO-1316A","10706","2010-05-24 18:00:00","2018-06-25 18:00:00","MRC-005-01RP-1XU","M-5-P-0-1-0","Monthly 5 MB Pooled US","USCC",,"SO-1316"
"47","ATM Concepts, Inc.","42","47","ATM Concepts, Inc.","SO-1404A","11524","2010-06-13 18:00:00","2018-06-25 18:00:00","MRC-005-01RP-1XU","M-5-P-0-1-0","Monthly 5 MB Pooled US","USCC",,"SO-1404"
"47","ATM Concepts, Inc.","42","47","ATM Concepts, Inc.","SO-1404A","11525","2010-06-13 18:00:00","2018-06-25 18:00:00","MRC-005-01RP-1XU","M-5-P-0-1-0","Monthly 5 MB Pooled US","USCC",,"SO-1404"
"47","ATM Concepts, Inc.","42","47","ATM Concepts, Inc.","SO-1480A","12143","2010-06-29 18:00:00","2018-06-25 18:00:00","MRC-005-01RP-1XU","M-5-P-0-1-0","Monthly 5 MB Pooled US","USCC",,"SO-1480"
"47","ATM Concepts, Inc.","42","47","ATM Concepts, Inc.","SO-1480A","12149","2010-06-29 18:00:00","2018-06-25 18:00:00","MRC-005-01RP-1XU","M-5-P-0-1-0","Monthly 5 MB Pooled US","USCC",,"SO-1480"
"47","ATM Concepts, Inc.","42","47","ATM Concepts, Inc.","SO-1480A","12151","2010-06-29 18:00:00","2018-06-25 18:00:00","MRC-005-01RP-1XU","M-5-P-0-1-0","Monthly 5 MB Pooled US","USCC",,"SO-1480"
"47","ATM Concepts, Inc.","42","47","ATM Concepts, Inc.","SO-1480A","12152","2010-06-29 18:00:00","2018-06-25 18:00:00","MRC-005-01RP-1XU","M-5-P-0-1-0","Monthly 5 MB Pooled US","USCC",,"SO-1480"
"47","ATM Concepts, Inc.","42","47","ATM Concepts, Inc.","SO-1564A","12630","2010-07-20 18:00:00","2018-06-25 18:00:00","MRC-005-01RP-1XU","M-5-P-0-1-0","Monthly 5 MB Pooled US","USCC",,"SO-1564"
"47","ATM Concepts, Inc.","42","47","ATM Concepts, Inc.","SO-1564A","12632","2010-07-20 18:00:00","2018-06-25 18:00:00","MRC-005-01RP-1XU","M-5-P-0-1-0","Monthly 5 MB Pooled US","USCC",,"SO-1564"
"47","ATM Concepts, Inc.","42","47","ATM Concepts, Inc.","SO-1564A","12636","2010-07-20 18:00:00","2018-06-25 18:00:00","MRC-005-01RP-1XU","M-5-P-0-1-0","Monthly 5 MB Pooled US","USCC",,"SO-1564"
"47","ATM Concepts, Inc.","42","47","ATM Concepts, Inc.","SO-1645A","13153","2010-08-11 18:00:00","2018-06-25 18:00:00","MRC-005-01RP-1XU","M-5-P-0-2-0","Monthly 5 MB Pooled SP","SPRINT",,"SO-1645"
"47","ATM Concepts, Inc.","42","47","ATM Concepts, Inc.","SO-1753A","13654","2010-09-07 18:00:00","2018-06-25 18:00:00","MRC-005-01RP-1XU","M-5-P-0-1-0","Monthly 5 MB Pooled US","USCC",,"SO-1753"
"47","ATM Concepts, Inc.","42","47","ATM Concepts, Inc.","SO-1841A","14563","2010-09-26 18:00:00","2018-06-25 18:00:00","MRC-005-01RP-1XU","M-5-P-0-1-0","Monthly 5 MB Pooled US","USCC",,"SO-1841"
"47","ATM Concepts, Inc.","42","47","ATM Concepts, Inc.","SO-1841A","14564","2010-09-26 18:00:00","2018-06-25 18:00:00","MRC-005-01RP-1XU","M-5-P-0-1-0","Monthly 5 MB Pooled US","USCC",,"SO-1841"
"47","ATM Concepts, Inc.","42","47","ATM Concepts, Inc.","SO-1841A","14566","2010-09-26 18:00:00","2018-06-25 18:00:00","MRC-005-01RP-1XU","M-5-P-0-1-0","Monthly 5 MB Pooled US","USCC",,"SO-1841"
"47","ATM Concepts, Inc.","42","47","ATM Concepts, Inc.","SO-442I","1551","2008-10-08 18:00:00","2018-06-18 18:00:00","MRC-005-01RP-1XU","M-5-P-0-1-0","Monthly 5 MB Pooled US","USCC",,"SO-442G"
"47","ATM Concepts, Inc.","42","47","ATM Concepts, Inc.","SO-442I","1553","2008-11-05 17:00:00","2018-06-18 18:00:00","MRC-005-01RP-1XU","M-5-P-0-1-0","Monthly 5 MB Pooled US","USCC",,"SO-442G"
"47","ATM Concepts, Inc.","42","47","ATM Concepts, Inc.","SO-531C","1558","2008-12-07 17:00:00","2018-06-18 18:00:00","MRC-005-01RP-1XU","M-5-P-0-1-0","Monthly 5 MB Pooled US","USCC",,"SO-531B"
"47","ATM Concepts, Inc.","42","47","ATM Concepts, Inc.","SO-442I","1560","2008-12-07 17:00:00","2018-06-18 18:00:00","MRC-005-01RP-1XU","M-5-P-0-1-0","Monthly 5 MB Pooled US","USCC",,"SO-442G"
"47","ATM Concepts, Inc.","42","47","ATM Concepts, Inc.","SO-442I","1561","2008-12-07 17:00:00","2018-06-18 18:00:00","MRC-005-01RP-1XU","M-5-P-0-1-0","Monthly 5 MB Pooled US","USCC",,"SO-442G"
"47","ATM Concepts, Inc.","42","47","ATM Concepts, Inc.","SO-2080B","15685","2010-11-29 17:00:00","2018-06-25 18:00:00","MRC-005-01RP-1XU","M-5-P-0-2-0","Monthly 5 MB Pooled SP","SPRINT",,"SO-2080A"
"47","ATM Concepts, Inc.","42","47","ATM Concepts, Inc.","SO-2080B","15686","2010-11-29 17:00:00","2018-06-25 18:00:00","MRC-005-01RP-1XU","M-5-P-0-2-0","Monthly 5 MB Pooled SP","SPRINT",,"SO-2080A"
"47","ATM Concepts, Inc.","42","47","ATM Concepts, Inc.","SO-871E","1588","2009-03-09 18:00:00","2018-06-18 18:00:00","MRC-005-01RP-1XU","M-5-P-0-1-0","Monthly 5 MB Pooled US","USCC",,"SO-871D"
"47","ATM Concepts, Inc.","42","47","ATM Concepts, Inc.","SO-1156C","1605","2009-05-14 18:00:00","2018-06-18 18:00:00","MRC-005-01RP-1XU","M-5-P-0-1-0","Monthly 5 MB Pooled US","USCC",,"SO-1156B"
"47","ATM Concepts, Inc.","42","47","ATM Concepts, Inc.","SO-2285A","16749","2011-01-20 17:00:00","2018-06-25 18:00:00","MRC-005-01RP-1XU","M-5-P-0-1-0","Monthly 5 MB Pooled US","USCC",,"SO-2285"
"47","ATM Concepts, Inc.","42","47","ATM Concepts, Inc.","SO-2285A","16750","2011-01-20 17:00:00","2018-06-25 18:00:00","MRC-005-01RP-1XU","M-5-P-0-1-0","Monthly 5 MB Pooled US","USCC",,"SO-2285"
"47","ATM Concepts, Inc.","42","47","ATM Concepts, Inc.","SO-2284B","16752","2011-01-20 17:00:00","2018-06-25 18:00:00","MRC-005-01RP-1XU","M-5-P-0-2-0","Monthly 5 MB Pooled SP","SPRINT",,"SO-2284A"
"47","ATM Concepts, Inc.","42","47","ATM Concepts, Inc.","SO-2284B","16753","2011-01-20 17:00:00","2018-06-25 18:00:00","MRC-005-01RP-1XU","M-5-P-0-2-0","Monthly 5 MB Pooled SP","SPRINT",,"SO-2284A"
"47","ATM Concepts, Inc.","42","47","ATM Concepts, Inc.","SO-2284B","16754","2011-01-20 17:00:00","2018-06-25 18:00:00","MRC-005-01RP-1XU","M-5-P-0-2-0","Monthly 5 MB Pooled SP","SPRINT",,"SO-2284A"
"47","ATM Concepts, Inc.","42","47","ATM Concepts, Inc.","SO-2646B","18384","2011-03-24 18:00:00","2018-06-25 18:00:00","MRC-005-01RP-1XU","M-5-P-0-2-0","Monthly 5 MB Pooled SP","SPRINT",,"SO-2646A"
"47","ATM Concepts, Inc.","42","47","ATM Concepts, Inc.","SO-2646B","18385","2011-03-24 18:00:00","2018-06-25 18:00:00","MRC-005-01RP-1XU","M-5-P-0-2-0","Monthly 5 MB Pooled SP","SPRINT",,"SO-2646A"
"47","ATM Concepts, Inc.","42","47","ATM Concepts, Inc.","SO-2646B","18386","2011-03-24 18:00:00","2018-06-25 18:00:00","MRC-005-01RP-1XU","M-5-P-0-2-0","Monthly 5 MB Pooled SP","SPRINT",,"SO-2646A"
"47","ATM Concepts, Inc.","42","47","ATM Concepts, Inc.","SO-3157A","20188","2011-06-15 18:00:00","2018-06-25 18:00:00","MRC-005-01RP-1XU","M-5-P-0-2-0","Monthly 5 MB Pooled SP","SPRINT",,"SO-3157"
"47","ATM Concepts, Inc.","42","47","ATM Concepts, Inc.","SO-3157A","20189","2011-06-15 18:00:00","2018-06-25 18:00:00","MRC-005-01RP-1XU","M-5-P-0-2-0","Monthly 5 MB Pooled SP","SPRINT",,"SO-3157"
"47","ATM Concepts, Inc.","42","47","ATM Concepts, Inc.","SO-3157A","20191","2011-06-15 18:00:00","2018-06-25 18:00:00","MRC-005-01RP-1XU","M-5-P-0-2-0","Monthly 5 MB Pooled SP","SPRINT",,"SO-3157"
"47","ATM Concepts, Inc.","42","47","ATM Concepts, Inc.","SO-3282A","20934","2011-07-07 18:00:00","2018-06-25 18:00:00","MRC-005-01RP-1XU","M-5-P-0-2-0","Monthly 5 MB Pooled SP","SPRINT",,"SO-3282"
"47","ATM Concepts, Inc.","42","47","ATM Concepts, Inc.","SO-3422C","21295","2011-08-02 18:00:00","2018-06-25 18:00:00","MRC-005-01RP-1XU","M-5-P-0-2-0","Monthly 5 MB Pooled SP","SPRINT",,"SO-3422A"
"47","ATM Concepts, Inc.","42","47","ATM Concepts, Inc.","SO-3422B","21298","2011-08-02 18:00:00","2018-06-18 18:00:00","MRC-005-01RP-1XU","M-5-P-0-2-0","Monthly 5 MB Pooled SP","SPRINT",,"SO-3422A"
"47","ATM Concepts, Inc.","42","47","ATM Concepts, Inc.","SO-3526B","21613","2011-08-17 18:00:00","2018-06-25 18:00:00","MRC-005-01RP-1XU","M-5-P-0-2-0","Monthly 5 MB Pooled SP","SPRINT",,"SO-3526A"
"47","ATM Concepts, Inc.","42","47","ATM Concepts, Inc.","SO-3526B","21617","2011-08-17 18:00:00","2018-06-25 18:00:00","MRC-005-01RP-1XU","M-5-P-0-2-0","Monthly 5 MB Pooled SP","SPRINT",,"SO-3526A"
"47","ATM Concepts, Inc.","42","47","ATM Concepts, Inc.","SO-3689A","22239","2011-09-13 18:00:00","2018-06-25 18:00:00","MRC-005-01RP-1XU","M-5-P-0-2-0","Monthly 5 MB Pooled SP","SPRINT",,"SO-3689"
"47","ATM Concepts, Inc.","42","47","ATM Concepts, Inc.","SO-3763A","22914","2011-09-25 18:00:00","2018-06-25 18:00:00","MRC-005-01RP-1XU","M-5-P-0-2-0","Monthly 5 MB Pooled SP","SPRINT",,"SO-3763"
"47","ATM Concepts, Inc.","42","47","ATM Concepts, Inc.","SO-3765A","22919","2011-09-25 18:00:00","2018-06-25 18:00:00","MRC-005-01RP-1XU","M-5-P-0-2-0","Monthly 5 MB Pooled SP","SPRINT",,"SO-3765"
"47","ATM Concepts, Inc.","42","47","ATM Concepts, Inc.","SO-4023A","23898","2011-11-03 18:00:00","2018-06-25 18:00:00","MRC-005-01RP-1XU","M-5-P-0-2-0","Monthly 5 MB Pooled SP","SPRINT",,"SO-4023"
"47","ATM Concepts, Inc.","42","47","ATM Concepts, Inc.","SO-4023A","23899","2011-11-03 18:00:00","2018-06-25 18:00:00","MRC-005-01RP-1XU","M-5-P-0-2-0","Monthly 5 MB Pooled SP","SPRINT",,"SO-4023"
"47","ATM Concepts, Inc.","42","47","ATM Concepts, Inc.","SO-4124A","24241","2011-11-21 17:00:00","2018-06-25 18:00:00","MRC-005-01RP-1XU","M-5-P-0-2-0","Monthly 5 MB Pooled SP","SPRINT",,"SO-4124"
"47","ATM Concepts, Inc.","42","47","ATM Concepts, Inc.","SO-1535A","2723","2009-07-09 18:00:00","2018-06-18 18:00:00","MRC-005-01RP-1XU","M-5-P-0-1-0","Monthly 5 MB Pooled US","USCC",,"SO-1535"
"47","ATM Concepts, Inc.","42","47","ATM Concepts, Inc.","SO-4831A","27231","2012-03-28 18:00:00","2018-06-25 18:00:00","MRC-005-01RP-1XU","M-5-P-0-2-0","Monthly 5 MB Pooled SP","SPRINT",,"SO-4831"
"47","ATM Concepts, Inc.","42","47","ATM Concepts, Inc.","SO-4831A","27232","2012-03-28 18:00:00","2018-06-25 18:00:00","MRC-005-01RP-1XU","M-5-P-0-2-0","Monthly 5 MB Pooled SP","SPRINT",,"SO-4831"
"47","ATM Concepts, Inc.","42","47","ATM Concepts, Inc.","SO-4831A","27233","2012-03-28 18:00:00","2018-06-25 18:00:00","MRC-005-01RP-1XU","M-5-P-0-2-0","Monthly 5 MB Pooled SP","SPRINT",,"SO-4831"
"47","ATM Concepts, Inc.","42","47","ATM Concepts, Inc.","SO-1156C","2724","2009-07-09 18:00:00","2018-06-18 18:00:00","MRC-005-01RP-1XU","M-5-P-0-1-0","Monthly 5 MB Pooled US","USCC",,"SO-1156B"
"47","ATM Concepts, Inc.","42","47","ATM Concepts, Inc.","SO-1535A","2728","2009-07-09 18:00:00","2018-06-18 18:00:00","MRC-005-01RP-1XU","M-5-P-0-1-0","Monthly 5 MB Pooled US","USCC",,"SO-1535"
"47","ATM Concepts, Inc.","42","47","ATM Concepts, Inc.","SO-5108A","27800","2012-05-10 18:00:00","2018-06-25 18:00:00","MRC-005-01RP-1XU","M-5-P-0-2-0","Monthly 5 MB Pooled SP","SPRINT",,"SO-5108"
"47","ATM Concepts, Inc.","42","47","ATM Concepts, Inc.","SO-5721A","29267","2012-08-20 18:00:00","2018-06-25 18:00:00","MRC-005-01RP-1XU","M-5-P-0-2-0","Monthly 5 MB Pooled SP","SPRINT",,"SO-5721"
"47","ATM Concepts, Inc.","42","47","ATM Concepts, Inc.","SO-5878A","30156","2012-09-12 18:00:00","2018-06-25 18:00:00","MRC-005-01RP-1XU","M-5-P-0-2-0","Monthly 5 MB Pooled SP","SPRINT",,"SO-5878"
"47","ATM Concepts, Inc.","42","47","ATM Concepts, Inc.","SO-6571A","32885","2013-01-16 17:00:00","2018-06-05 18:00:00","MRC-005-01RP-1XU","M-5-P-0-2-0","Monthly 5 MB Pooled SP","SPRINT",,"SO-6571"
"47","ATM Concepts, Inc.","42","47","ATM Concepts, Inc.","SO-7043A","34498","2013-04-25 18:00:00","2018-06-25 18:00:00","MRC-005-01RP-1XU","M-5-P-0-2-0","Monthly 5 MB Pooled SP","SPRINT",,"SO-7043"
"47","ATM Concepts, Inc.","42","47","ATM Concepts, Inc.","SO-1451B","3472","2009-07-30 18:00:00","2018-06-18 18:00:00","MRC-005-01RP-1XU","M-5-P-0-1-0","Monthly 5 MB Pooled US","USCC",,"SO-1451A"
"47","ATM Concepts, Inc.","42","47","ATM Concepts, Inc.","SO-7158A","34885","2013-05-14 18:00:00","2018-06-25 18:00:00","MRC-005-01RP-1XU","M-5-P-0-2-0","Monthly 5 MB Pooled SP","SPRINT",,"SO-7158"
"47","ATM Concepts, Inc.","42","47","ATM Concepts, Inc.","SO-7578A","35708","2013-08-05 18:00:00","2018-06-25 18:00:00","MRC-005-01RP-1XU","M-5-P-0-2-0","Monthly 5 MB Pooled SP","SPRINT",,"SO-7578"
"47","ATM Concepts, Inc.","42","47","ATM Concepts, Inc.","SO-8036A","36478","2013-11-20 17:00:00","2018-06-25 18:00:00","MRC-005-01RP-1XU","M-5-P-0-2-0","Monthly 5 MB Pooled SP","SPRINT",,"SO-8036"
"47","ATM Concepts, Inc.","42","47","ATM Concepts, Inc.","SO-8864A","39638","2014-08-05 18:00:00","2018-06-25 18:00:00","MRC-005-01RP-EVV","M-5-P-0-3-0","Monthly 5 MB Pooled VER","VZW",,"SO-8864"
"47","ATM Concepts, Inc.","42","47","ATM Concepts, Inc.","SO-1156C","4059","2009-08-27 18:00:00","2018-06-18 18:00:00","MRC-005-01RP-1XU","M-5-P-0-1-0","Monthly 5 MB Pooled US","USCC",,"SO-1156B"
"47","ATM Concepts, Inc.","42","47","ATM Concepts, Inc.","SO-1802A","4063","2009-08-27 18:00:00","2018-06-18 18:00:00","MRC-005-01RP-1XU","M-5-P-0-1-0","Monthly 5 MB Pooled US","USCC",,"SO-1802"
"47","ATM Concepts, Inc.","42","47","ATM Concepts, Inc.","SO-9449A","40982","2015-02-08 17:00:00","2018-06-25 18:00:00","MRC-005-01RP-1XU","M-5-P-0-1-0","Monthly 5 MB Pooled US","USCC",,"SO-9449"
"47","ATM Concepts, Inc.","42","47","ATM Concepts, Inc.","SO-9667A","41321","2015-03-23 18:00:00","2018-06-25 18:00:00","MRC-005-01RP-EVV","M-5-P-0-3-0","Monthly 5 MB Pooled VER","VZW",,"SO-9667"
"47","ATM Concepts, Inc.","42","47","ATM Concepts, Inc.","SO-9870A","41673","2015-05-06 18:00:00","2018-06-25 18:00:00","MRC-005-01RP-EVV","M-5-P-0-3-0","Monthly 5 MB Pooled VER","VZW",,"SO-9870"
"47","ATM Concepts, Inc.","42","47","ATM Concepts, Inc.","SO-9913A","41897","2015-05-18 18:00:00","2018-06-25 18:00:00","MRC-005-01RP-EVV","M-5-P-0-3-0","Monthly 5 MB Pooled VER","VZW",,"SO-9913"
"47","ATM Concepts, Inc.","42","47","ATM Concepts, Inc.","SO-10144B","42422","2015-08-16 18:00:00","2018-06-25 18:00:00","MRC-005-01RP-EVV","M-5-P-0-3-0","Monthly 5 MB Pooled VER","VZW",,"SO-10144A"
"47","ATM Concepts, Inc.","42","47","ATM Concepts, Inc.","SO-10144B","42425","2015-08-16 18:00:00","2018-06-25 18:00:00","MRC-005-01RP-EVV","M-5-P-0-3-0","Monthly 5 MB Pooled VER","VZW",,"SO-10144A"
"47","ATM Concepts, Inc.","42","47","ATM Concepts, Inc.","SO-10455A","43019","2016-01-25 17:00:00","2018-06-25 18:00:00","MRC-005-01RP-EVV","M-5-P-0-3-0","Monthly 5 MB Pooled VER","VZW",,"SO-10455"
"47","ATM Concepts, Inc.","42","47","ATM Concepts, Inc.","SO-10455A","43021","2016-01-25 17:00:00","2018-06-25 18:00:00","MRC-005-01RP-EVV","M-5-P-0-3-0","Monthly 5 MB Pooled VER","VZW",,"SO-10455"
"47","ATM Concepts, Inc.","42","47","ATM Concepts, Inc.","SO-10455A","43022","2016-01-25 17:00:00","2018-06-25 18:00:00","MRC-005-01RP-EVV","M-5-P-0-3-0","Monthly 5 MB Pooled VER","VZW",,"SO-10455"
"47","ATM Concepts, Inc.","42","47","ATM Concepts, Inc.","SO-10472A","43054","2016-02-02 17:00:00","2018-06-25 18:00:00","MRC-005-01RP-1XU","M-5-P-0-1-0","Monthly 5 MB Pooled US","USCC",,"SO-10472"
"47","ATM Concepts, Inc.","42","47","ATM Concepts, Inc.","SO-1802A","4584","2009-09-17 18:00:00","2018-06-18 18:00:00","MRC-005-01RP-1XU","M-5-P-0-1-0","Monthly 5 MB Pooled US","USCC",,"SO-1802"
"47","ATM Concepts, Inc.","42","47","ATM Concepts, Inc.","SO-1156C","4590","2009-09-17 18:00:00","2018-06-18 18:00:00","MRC-005-01RP-1XU","M-5-P-0-1-0","Monthly 5 MB Pooled US","USCC",,"SO-1156B"
"47","ATM Concepts, Inc.","42","47","ATM Concepts, Inc.","SO-432A","5235","2009-10-18 18:00:00","2018-06-18 18:00:00","MRC-005-01RP-1XU","M-5-P-0-1-0","Monthly 5 MB Pooled US","USCC",,"SO-432"
"47","ATM Concepts, Inc.","42","47","ATM Concepts, Inc.","SO-432A","5239","2009-10-18 18:00:00","2018-06-18 18:00:00","MRC-005-01RP-1XU","M-5-P-0-1-0","Monthly 5 MB Pooled US","USCC",,"SO-432"
"47","ATM Concepts, Inc.","42","47","ATM Concepts, Inc.","SO-546B","5688","2009-11-24 17:00:00","2018-06-25 18:00:00","MRC-005-01RP-1XU","M-5-P-0-1-0","Monthly 5 MB Pooled US","USCC",,"SO-546A"
"47","ATM Concepts, Inc.","42","47","ATM Concepts, Inc.","SO-546B","5693","2009-11-24 17:00:00","2018-06-25 18:00:00","MRC-005-01RP-1XU","M-5-P-0-1-0","Monthly 5 MB Pooled US","USCC",,"SO-546A"
"47","ATM Concepts, Inc.","42","47","ATM Concepts, Inc.","SO-638A","6611","2013-02-19 17:00:00","2018-06-25 18:00:00","MRC-005-01RP-1XU","M-5-P-0-1-0","Monthly 5 MB Pooled US","USCC",,"SO-638"
"47","ATM Concepts, Inc.","42","47","ATM Concepts, Inc.","SO-638A","6615","2013-02-19 17:00:00","2018-06-25 18:00:00","MRC-005-01RP-1XU","M-5-P-0-1-0","Monthly 5 MB Pooled US","USCC",,"SO-638"
"47","ATM Concepts, Inc.","42","47","ATM Concepts, Inc.","SO-742B","7213","2010-01-19 17:00:00","2018-06-25 18:00:00","MRC-005-01RP-1XU","M-5-P-0-1-0","Monthly 5 MB Pooled US","USCC",,"SO-742A"
"47","ATM Concepts, Inc.","42","47","ATM Concepts, Inc.","SO-809A","7383","2010-02-01 17:00:00","2018-06-18 18:00:00","MRC-005-01RP-1XU","M-5-P-0-1-0","Monthly 5 MB Pooled US","USCC",,"SO-809"
"47","ATM Concepts, Inc.","42","47","ATM Concepts, Inc.","SO-809B","7386","2010-02-01 17:00:00","2018-06-25 18:00:00","MRC-005-01RP-1XU","M-5-P-0-1-0","Monthly 5 MB Pooled US","USCC",,"SO-809"
"47","ATM Concepts, Inc.","42","47","ATM Concepts, Inc.","SO-809B","7388","2010-02-01 17:00:00","2018-06-25 18:00:00","MRC-005-01RP-1XU","M-5-P-0-1-0","Monthly 5 MB Pooled US","USCC",,"SO-809"
"47","ATM Concepts, Inc.","42","47","ATM Concepts, Inc.","SO-833A","7418","2010-02-01 17:00:00","2018-06-25 18:00:00","MRC-005-01RP-1XU","M-5-P-0-1-0","Monthly 5 MB Pooled US","USCC",,"SO-833"
"47","ATM Concepts, Inc.","42","47","ATM Concepts, Inc.","SO-1011A","8464","2010-03-18 18:00:00","2018-06-25 18:00:00","MRC-005-01RP-1XU","M-5-P-0-1-0","Monthly 5 MB Pooled US","USCC",,"SO-1011"
"47","ATM Concepts, Inc.","42","47","ATM Concepts, Inc.","SO-1011A","8465","2010-03-18 18:00:00","2018-06-25 18:00:00","MRC-005-01RP-1XU","M-5-P-0-1-0","Monthly 5 MB Pooled US","USCC",,"SO-1011"
"47","ATM Concepts, Inc.","42","47","ATM Concepts, Inc.","SO-1079A","9016","2010-04-05 18:00:00","2018-06-25 18:00:00","MRC-005-01RP-1XU","M-5-P-0-1-0","Monthly 5 MB Pooled US","USCC",,"SO-1079"
"47","ATM Concepts, Inc.","42","47","ATM Concepts, Inc.","SO-1184B","9783","2010-04-28 18:00:00","2018-06-18 18:00:00","MRC-005-01RP-1XU","M-5-P-0-1-0","Monthly 5 MB Pooled US","USCC",,"SO-1184A"
"47","ATM Concepts, Inc.","42","47","ATM Concepts, Inc.","SO-1184B","9784","2010-04-28 18:00:00","2018-06-18 18:00:00","MRC-005-01RP-1XU","M-5-P-0-1-0","Monthly 5 MB Pooled US","USCC",,"SO-1184A"
"54","TurnKey ATM Solutions","51","54","TurnKey ATM Solutions","SO-1928A","15011","2010-10-19 18:00:00","2018-06-27 18:00:00","MRC-005-01RP-1XU","M-5-P-0-1-0","Monthly 5 MB Pooled US","USCC",,"SO-1928"
"54","TurnKey ATM Solutions","51","54","TurnKey ATM Solutions","SO-2595C","1715","2009-03-03 17:00:00","2018-06-19 18:00:00","MRC-005-01RP-1XU","M-5-P-0-1-0","Monthly 5 MB Pooled US","USCC",,"SO-2595B"
"54","TurnKey ATM Solutions","51","54","TurnKey ATM Solutions","SO-3897A","23394","2011-10-12 18:00:00","2018-06-17 18:00:00","MRC-005-01RP-1XU","M-5-P-0-1-0","Monthly 5 MB Pooled US","USCC",,"SO-3897"
"54","TurnKey ATM Solutions","51","54","TurnKey ATM Solutions","SO-4560A","26464","2012-02-20 17:00:00","2018-06-17 18:00:00","MRC-005-01RP-1XU","M-5-P-0-1-0","Monthly 5 MB Pooled US","USCC",,"SO-4560"
"54","TurnKey ATM Solutions","51","54","TurnKey ATM Solutions","SO-4830A","27215","2012-03-28 18:00:00","2018-06-24 18:00:00","MRC-005-01RP-1XU","M-5-P-0-1-0","Monthly 5 MB Pooled US","USCC",,"SO-4830"
"54","TurnKey ATM Solutions","51","54","TurnKey ATM Solutions","SO-708A","7005","2010-01-10 17:00:00","2018-06-17 18:00:00","MRC-005-01RP-1XU","M-5-P-0-1-0","Monthly 5 MB Pooled US","USCC",,"SO-708"
"71","Matheis Novelty","80","71","Matheis Novelty","SO-1329C","10771","2010-05-25 18:00:00","2018-06-11 18:00:00","MRC-005-01RP-1XU","M-5-P-0-1-0","Monthly 5 MB Pooled US","USCC",,"SO-1329B"
"71","Matheis Novelty","80","71","Matheis Novelty","SO-1329C","10774","2010-05-25 18:00:00","2018-06-11 18:00:00","MRC-005-01RP-1XU","M-5-P-0-1-0","Monthly 5 MB Pooled US","USCC",,"SO-1329B"
"71","Matheis Novelty","80","71","Matheis Novelty","SO-1329C","10775","2010-05-25 18:00:00","2018-06-11 18:00:00","MRC-005-01RP-1XU","M-5-P-0-1-0","Monthly 5 MB Pooled US","USCC",,"SO-1329B"
"71","Matheis Novelty","80","71","Matheis Novelty","SO-1409D","11597","2010-06-15 18:00:00","2018-06-11 18:00:00","MRC-005-01RP-1XU","M-5-P-0-1-0","Monthly 5 MB Pooled US","USCC",,"SO-1409C"
"71","Matheis Novelty","80","71","Matheis Novelty","SO-1650C","13167","2010-08-15 18:00:00","2018-06-11 18:00:00","MRC-005-01RP-1XU","M-5-P-0-1-0","Monthly 5 MB Pooled US","USCC",,"SO-1650B"
"71","Matheis Novelty","80","71","Matheis Novelty","SO-2001B","15270","2010-11-03 18:00:00","2018-06-11 18:00:00","MRC-005-01RP-1XU","M-5-P-0-1-0","Monthly 5 MB Pooled US","USCC",,"SO-2001A"
"71","Matheis Novelty","80","71","Matheis Novelty","SO-2816B","19016","2011-04-20 18:00:00","2018-06-11 18:00:00","MRC-005-01RP-1XU","M-5-P-0-1-0","Monthly 5 MB Pooled US","USCC",,"SO-2816A"
"71","Matheis Novelty","80","71","Matheis Novelty","SO-131C","2319","2009-04-21 18:00:00","2018-06-11 18:00:00","MRC-005-01RP-1XU","M-5-P-0-1-0","Monthly 5 MB Pooled US","USCC",,"SO-131B"
"71","Matheis Novelty","80","71","Matheis Novelty","SO-175B","2323","2009-05-20 18:00:00","2018-06-11 18:00:00","MRC-005-01RP-1XU","M-5-P-0-1-0","Monthly 5 MB Pooled US","USCC",,"SO-175A"
"71","Matheis Novelty","80","71","Matheis Novelty","SO-4080A","24137","2011-11-14 17:00:00","2018-06-11 18:00:00","MRC-005-01RP-1XU","M-5-P-0-2-0","Monthly 5 MB Pooled SP","SPRINT",,"SO-4080"
"71","Matheis Novelty","80","71","Matheis Novelty","SO-4080A","24138","2011-11-14 17:00:00","2018-06-11 18:00:00","MRC-005-01RP-1XU","M-5-P-0-2-0","Monthly 5 MB Pooled SP","SPRINT",,"SO-4080"
"71","Matheis Novelty","80","71","Matheis Novelty","SO-561C","5971","2009-11-29 17:00:00","2018-06-11 18:00:00","MRC-005-01RP-1XU","M-5-P-0-1-0","Monthly 5 MB Pooled US","USCC",,"SO-561B"
"71","Matheis Novelty","80","71","Matheis Novelty","SO-1067C","8980","2010-03-31 18:00:00","2018-06-11 18:00:00","MRC-005-01RP-1XU","M-5-P-0-1-0","Monthly 5 MB Pooled US","USCC",,"SO-1067B"
"71","Matheis Novelty","80","71","Matheis Novelty","SO-1180A","9775","2010-04-28 18:00:00","2018-06-11 18:00:00","MRC-005-01RP-1XU","M-5-P-0-1-0","Monthly 5 MB Pooled US","USCC",,"SO-1180"
"98","eTran Florida, LLC","186","98","eTran Florida, LLC","SO-6254A","31740","2012-11-11 17:00:00","2018-06-12 18:00:00","MRC-005-01RP-1XU","M-5-P-0-2-0","Monthly 5 MB Pooled SP","SPRINT",,"SO-6254"
"98","eTran Florida, LLC","186","98","eTran Florida, LLC","SO-6254A","31742","2012-11-11 17:00:00","2018-06-12 18:00:00","MRC-005-01RP-1XU","M-5-P-0-2-0","Monthly 5 MB Pooled SP","SPRINT",,"SO-6254"
"98","eTran Florida, LLC","186","98","eTran Florida, LLC","SO-9800E","41493","2015-04-21 18:00:00","2018-06-12 18:00:00","MRC-005-01RP-EVV","M-5-P-0-3-0","Monthly 5 MB Pooled VER","VZW",,"SO-9800D"
"100","MTD Investments Inc","60","100","MTD Investments Inc","SO-2806A","10479","2010-05-12 18:00:00","2018-06-11 18:00:00","MRC-005-01RP-1XU","M-5-P-0-1-0","Monthly 5 MB Pooled US","USCC",,"SO-2806"
"101","ATM Access, Inc.","35","101","ATM Access, Inc.","SO-1438H","2692","2009-07-06 18:00:00","2018-06-04 18:00:00","MRC-005-01RP-1XU","M-5-P-0-1-0","Monthly 5 MB Pooled US","USCC",,"SO-1438G"
"107","CardTronics","44","107","CardTronics","SO-1251B","2546","2009-05-04 18:00:00","2018-06-14 18:00:00","MRC-005-01RP-1XU","M-5-P-0-1-0","Monthly 5 MB Pooled US","USCC",,"SO-1251A"
"108","RCG Technology","191","108","RCG Technology","SO-2043A","15575","2010-11-15 17:00:00","2018-06-06 18:00:00","MRC-005-01RP-1XU","M-5-P-0-1-0","Monthly 5 MB Pooled US","USCC",,"SO-2043"
"108","RCG Technology","191","108","RCG Technology","SO-2828A","19050","2011-04-25 18:00:00","2018-06-06 18:00:00","MRC-005-01RP-1XU","M-5-P-0-2-0","Monthly 5 MB Pooled SP","SPRINT",,"SO-2828"
"108","RCG Technology","191","108","RCG Technology","SO-5524A","28723","2012-07-15 18:00:00","2018-06-14 18:00:00","MRC-005-01RP-1XU","M-5-P-0-2-0","Monthly 5 MB Pooled SP","SPRINT",,"SO-5524"
"116","ATM Aficionado","36","116","ATM Aficionado","SO-2099A","15771","2010-12-01 17:00:00","2018-06-14 18:00:00","MRC-005-01RP-1XU","M-5-P-0-1-0","Monthly 5 MB Pooled US","USCC",,"SO-2099"
"116","ATM Aficionado","36","116","ATM Aficionado","SO-12123A","46593","2018-03-13 18:00:00","2018-06-14 18:00:00","MRC-005-01RP-EVV","M-5-P-0-3-0","Monthly 5 MB Pooled VER","VZW",,"SO-12123"
"134","Alpha-Omega Solutions, LLC","161","134","Alpha-Omega Solutions, LLC","SO-1195N","10221","2010-05-03 18:00:00","2018-06-18 18:00:00","MRC-005-01RP-1XU","M-5-P-0-1-0","Monthly 5 MB Pooled US","USCC",,"SO-1195L"
"134","Alpha-Omega Solutions, LLC","161","134","Alpha-Omega Solutions, LLC","SO-1344N","11177","2010-05-31 18:00:00","2018-06-19 18:00:00","MRC-005-01RP-1XU","M-5-P-0-1-0","Monthly 5 MB Pooled US","USCC",,"SO-1344J"
"134","Alpha-Omega Solutions, LLC","161","134","Alpha-Omega Solutions, LLC","SO-1530G","12514","2010-07-15 18:00:00","2018-06-21 18:00:00","MRC-005-01RP-1XU","M-5-P-0-1-0","Monthly 5 MB Pooled US","USCC",,"SO-1530E"
"134","Alpha-Omega Solutions, LLC","161","134","Alpha-Omega Solutions, LLC","SO-1728AZ","13580","2010-08-31 18:00:00","2018-06-24 18:00:00","MRC-005-01RP-1XU","M-5-P-0-1-0","Monthly 5 MB Pooled US","USCC",,"SO-1728AX"
"134","Alpha-Omega Solutions, LLC","161","134","Alpha-Omega Solutions, LLC","SO-1988L","15135","2010-10-31 18:00:00","2018-06-17 18:00:00","MRC-005-01RP-1XU","M-5-P-0-1-0","Monthly 5 MB Pooled US","USCC",,"SO-1988J"
"134","Alpha-Omega Solutions, LLC","161","134","Alpha-Omega Solutions, LLC","SO-3097H","19937","2011-06-06 18:00:00","2018-06-06 18:00:00","MRC-005-01RP-1XU","M-5-P-0-2-0","Monthly 5 MB Pooled SP","SPRINT",,"SO-3097E"
"134","Alpha-Omega Solutions, LLC","161","134","Alpha-Omega Solutions, LLC","SO-3855F","23304","2011-10-06 18:00:00","2018-06-27 18:00:00","MRC-005-01RP-1XU","M-5-P-0-2-0","Monthly 5 MB Pooled SP","SPRINT",,"SO-3855C"
"134","Alpha-Omega Solutions, LLC","161","134","Alpha-Omega Solutions, LLC","SO-3923E","23484","2011-10-16 18:00:00","2018-06-27 18:00:00","MRC-005-01RP-1XU","M-5-P-0-2-0","Monthly 5 MB Pooled SP","SPRINT",,"SO-3923C"
"134","Alpha-Omega Solutions, LLC","161","134","Alpha-Omega Solutions, LLC","SO-832E","7448","2010-02-07 17:00:00","2018-06-03 18:00:00","MRC-005-01RP-1XU","M-5-P-0-1-0","Monthly 5 MB Pooled US","USCC",,"SO-832D"
"134","Alpha-Omega Solutions, LLC","161","134","Alpha-Omega Solutions, LLC","SO-902W","7980","2010-02-28 17:00:00","2018-06-04 18:00:00","MRC-005-01RP-1XU","M-5-P-0-1-0","Monthly 5 MB Pooled US","USCC",,"SO-902V"
"134","Alpha-Omega Solutions, LLC","161","134","Alpha-Omega Solutions, LLC","SO-1061V","8911","2010-03-30 18:00:00","2018-06-06 18:00:00","MRC-005-01RP-1XU","M-5-P-0-1-0","Monthly 5 MB Pooled US","USCC",,"SO-1061T"
"134","Alpha-Omega Solutions, LLC","161","134","Alpha-Omega Solutions, LLC","SO-1059N","8936","2010-03-30 18:00:00","2018-06-18 18:00:00","MRC-005-01RP-1XU","M-5-P-0-1-0","Monthly 5 MB Pooled US","USCC",,"SO-1059L"
"150","EchoSat Inc","203","150","EchoSat Inc","SO-3407C","21236","2011-07-30 18:00:00","2018-06-17 18:00:00","MRC-005-01RP-1XU","M-5-P-0-1-0","Monthly 5 MB Pooled US","USCC",,"SO-3407A"
"150","EchoSat Inc","203","150","EchoSat Inc","SO-6802C","33321","2013-02-28 17:00:00","2018-06-17 18:00:00","MRC-005-01RP-1XU","M-5-P-0-2-0","Monthly 5 MB Pooled SP","SPRINT",,"SO-6802B"
"150","EchoSat Inc","203","150","EchoSat Inc","SO-9406A","40399","2014-12-18 17:00:00","2018-06-17 18:00:00","MRC-005-01RP-1XU","M-5-P-0-2-0","Monthly 5 MB Pooled SP","SPRINT",,"SO-9406"
"150","EchoSat Inc","203","150","EchoSat Inc","SO-9789A","41456","2015-04-15 18:00:00","2018-06-17 18:00:00","MRC-005-01RP-1XU","M-5-P-0-2-0","Monthly 5 MB Pooled SP","SPRINT",,"SO-9789"
"291","ATM Cash Plus","622","291","ATM Cash Plus","SO-7720A","35890","2013-09-04 18:00:00","2018-06-26 18:00:00","MRC-005-01RP-1XU","M-5-P-0-2-0","Monthly 5 MB Pooled SP","SPRINT",,"SO-7720"
"293","Digital Network Solutions","630","293","Digital Network Solutions","SO-4633K","26729","2012-02-29 17:00:00","2018-06-04 18:00:00","MRC-005-01RP-1XU","M-5-P-0-1-0","Monthly 5 MB Pooled US","USCC",,"SO-4633J"
"293","Digital Network Solutions","630","293","Digital Network Solutions","SO-4760H","27113","2012-03-22 18:00:00","2018-06-17 18:00:00","MRC-005-01RP-1XU","M-5-P-0-1-0","Monthly 5 MB Pooled US","USCC",,"SO-4760G"
"299","Financial Equipment and Data Corporation","644","299","Financial Equipment and Data Corporation","SO-1213A","10251","2010-05-04 18:00:00","2018-06-14 18:00:00","MRC-020-01RP-4GV","M-20-P-0-3-0","Monthly 20 MB Pooled VER","any",,"SO-1213"
"299","Financial Equipment and Data Corporation","644","299","Financial Equipment and Data Corporation","SO-1213B","10256","2010-05-04 18:00:00","2018-06-18 18:00:00","MRC-020-01RP-4GV","M-20-P-0-3-0","Monthly 20 MB Pooled VER","any",,"SO-1213"
"299","Financial Equipment and Data Corporation","644","299","Financial Equipment and Data Corporation","SO-1452A","11676","2010-06-22 18:00:00","2018-06-14 18:00:00","MRC-020-01RP-4GV","M-20-P-0-3-0","Monthly 20 MB Pooled VER","any",,"SO-1452"
"299","Financial Equipment and Data Corporation","644","299","Financial Equipment and Data Corporation","SO-1493C","12324","2010-07-05 18:00:00","2018-06-14 18:00:00","MRC-005-01RP-1XU","M-5-P-0-1-0","Monthly 5 MB Pooled US","USCC",,"SO-1493A"
"299","Financial Equipment and Data Corporation","644","299","Financial Equipment and Data Corporation","SO-1494A","12339","2010-07-05 18:00:00","2018-06-14 18:00:00","MRC-005-01RP-1XU","M-5-P-0-1-0","Monthly 5 MB Pooled US","USCC",,"SO-1494"
"299","Financial Equipment and Data Corporation","644","299","Financial Equipment and Data Corporation","SO-1594A","12728","2010-07-29 18:00:00","2018-06-14 18:00:00","MRC-005-01RP-1XU","M-5-P-0-1-0","Monthly 5 MB Pooled US","USCC",,"SO-1594"
"299","Financial Equipment and Data Corporation","644","299","Financial Equipment and Data Corporation","SO-2029A","15377","2010-11-10 17:00:00","2018-06-18 18:00:00","MRC-005-01RP-1XU","M-5-P-0-1-0","Monthly 5 MB Pooled US","USCC",,"SO-2029"
"299","Financial Equipment and Data Corporation","644","299","Financial Equipment and Data Corporation","SO-2588A","18267","2011-03-17 18:00:00","2018-06-14 18:00:00","MRC-005-01RP-1XU","M-5-P-0-1-0","Monthly 5 MB Pooled US","USCC",,"SO-2588"
"299","Financial Equipment and Data Corporation","644","299","Financial Equipment and Data Corporation","SO-4915B","27376","2012-04-12 18:00:00","2018-06-14 18:00:00","MRC-005-01RP-1XU","M-5-P-0-2-0","Monthly 5 MB Pooled SP","SPRINT",,"SO-4915"
"302","Worldwide ATM, Inc.","670","302","Worldwide ATM, Inc.","SO-2865A","19288","2011-04-28 18:00:00","2018-06-12 18:00:00","MRC-005-01RP-1XU","M-5-P-0-2-0","Monthly 5 MB Pooled SP","SPRINT",,"SO-2865"
"311","EchoSat / Abierto","690","311","EchoSat / Abierto","SO-1322C","10729","2010-05-25 18:00:00","2018-06-17 18:00:00","MRC-005-01RP-1XU","M-5-P-0-1-0","Monthly 5 MB Pooled US","USCC",,"SO-1322B"
"311","EchoSat / Abierto","690","311","EchoSat / Abierto","SO-1388A","11408","2010-06-09 18:00:00","2018-06-14 18:00:00","MRC-005-01RP-1XU","M-5-P-0-1-0","Monthly 5 MB Pooled US","USCC",,"SO-1388"
"368","Area Wide, Inc.","843","368","Area Wide, Inc.","SO-4738B","26999","2012-03-19 18:00:00","2018-06-28 18:00:00","MRC-005-01RP-1XU","M-5-P-0-2-0","Monthly 5 MB Pooled SP","SPRINT",,"SO-4738A"
"368","Area Wide, Inc.","843","368","Area Wide, Inc.","SO-8610C","38506","2014-05-18 18:00:00","2018-06-28 18:00:00","MRC-005-01RP-EVV","M-5-P-0-3-0","Monthly 5 MB Pooled VER","VZW",,"SO-8610B"
"368","Area Wide, Inc.","843","368","Area Wide, Inc.","SO-8610C","38512","2014-05-18 18:00:00","2018-06-28 18:00:00","MRC-005-01RP-EVV","M-5-P-0-3-0","Monthly 5 MB Pooled VER","VZW",,"SO-8610B"
"368","Area Wide, Inc.","843","368","Area Wide, Inc.","SO-8880A","39658","2014-08-11 18:00:00","2018-06-28 18:00:00","MRC-005-01RP-EVV","M-5-P-0-3-0","Monthly 5 MB Pooled VER","VZW",,"SO-8880"
"368","Area Wide, Inc.","843","368","Area Wide, Inc.","SO-8917B","39738","2014-08-20 18:00:00","2018-06-28 18:00:00","MRC-005-01RP-EVV","M-5-P-0-3-0","Monthly 5 MB Pooled VER","VZW",,"SO-8917A"
"368","Area Wide, Inc.","843","368","Area Wide, Inc.","SO-9341A","40270","2014-11-25 17:00:00","2018-06-28 18:00:00","MRC-005-01RP-EVV","M-5-P-0-3-0","Monthly 5 MB Pooled VER","VZW",,"SO-9341"
"396","Retail Data Systems - CRS","950","396","Retail Data Systems - CRS Group","SO-10860A","43852","2016-07-28 18:00:00","2018-06-14 18:00:00","MRC-WBK1-01RP-EVV","M-WB-P-0-3-0","monthly basic wireless backup Pooled VER","VZW",,"SO-10860"
"423","Meirtran, Inc.","1101","423","Meirtran, Inc.","SO-2454C","17326","2011-02-21 17:00:00","2018-06-06 18:00:00","MRC-005-01RP-1XU","M-5-P-0-1-0","Monthly 5 MB Pooled US","USCC",,"SO-2454A"
"423","Meirtran, Inc.","1101","423","Meirtran, Inc.","SO-4556C","26478","2012-02-20 17:00:00","2018-06-21 18:00:00","MRC-005-01RP-1XU","M-5-P-0-2-0","Monthly 5 MB Pooled SP","SPRINT",,"SO-4556B"
"425","Cash Connect","1103","425","Cash Connect","SO-4708E","26939","2012-03-13 18:00:00","2018-06-25 18:00:00","MRC-005-01RP-1XU","M-5-P-0-2-0","Monthly 5 MB Pooled SP","SPRINT",,"SO-4708B"
"437","Hart Communications, Inc.","1144","437","Hart Communications, Inc.","SO-2003A","15279","2010-11-03 18:00:00","2018-06-26 18:00:00","MRC-005-01RP-1XU","M-5-P-0-1-0","Monthly 5 MB Pooled US","USCC",,"SO-2003"
"437","Hart Communications, Inc.","1144","437","Hart Communications, Inc.","SO-2126B","15919","2010-12-09 17:00:00","2018-06-26 18:00:00","MRC-005-01RP-1XU","M-5-P-0-1-0","Monthly 5 MB Pooled US","USCC",,"SO-2126A"
"437","Hart Communications, Inc.","1144","437","Hart Communications, Inc.","SO-2126B","15928","2010-12-09 17:00:00","2018-06-26 18:00:00","MRC-005-01RP-1XU","M-5-P-0-1-0","Monthly 5 MB Pooled US","USCC",,"SO-2126A"
"487","The ATM Store","1281","487","The ATM Store","SO-4060A","24065","2011-11-10 17:00:00","2018-06-27 18:00:00","MRC-100-01RU-EVU","M-100-P-0-2-0","Monthly 100 MB Pooled SP","SPRINT",,"SO-4060"
"487","The ATM Store","1281","487","The ATM Store","SO-4060A","24066","2011-11-10 17:00:00","2018-06-27 18:00:00","MRC-100-01RU-EVU","M-100-P-0-2-0","Monthly 100 MB Pooled SP","SPRINT",,"SO-4060"
"535","Swipe Payment Technologies, Inc.","1454","535","Swipe Payment Technologies, Inc.","SO-3625A","21953","2011-09-01 18:00:00","2018-06-10 18:00:00","MRC-005-01RP-1XU","M-5-P-0-1-0","Monthly 5 MB Pooled US","USCC",,"SO-3625"
"535","Swipe Payment Technologies, Inc.","1454","535","Swipe Payment Technologies, Inc.","SO-3625A","21954","2011-09-01 18:00:00","2018-06-10 18:00:00","MRC-005-01RP-1XU","M-5-P-0-1-0","Monthly 5 MB Pooled US","USCC",,"SO-3625"
"561","Aztech Communications","1532","561","Aztech Communications","SO-3996A","23817","2011-10-30 18:00:00","2018-06-07 18:00:00","MRC-005-01RP-1XU","M-5-P-0-2-0","Monthly 5 MB Pooled SP","SPRINT",,"SO-3996"
"577","ACFN","1584","577","ACFN","SO-6461A","32320","2012-12-19 17:00:00","2018-06-06 18:00:00","MRC-005-01RP-1XU","M-5-P-0-2-0","Monthly 5 MB Pooled SP","SPRINT",,"SO-6461"
"577","ACFN","1584","577","ACFN","SO-7785A","35967","2013-09-17 18:00:00","2018-06-06 18:00:00","MRC-005-01RP-EVV","M-5-P-0-3-0","Monthly 5 MB Pooled VER","VZW",,"SO-7785"
"577","ACFN","1584","577","ACFN","SO-11308A","44716","2017-03-08 17:00:00","2018-06-18 18:00:00","MRC-005-01RP-EVV","M-5-P-0-3-0","Monthly 5 MB Pooled VER","VZW",,"SO-11308"
"577","ACFN","1584","577","ACFN","SO-11397A","44916","2017-04-13 18:00:00","2018-06-13 18:00:00","MRC-005-01RP-EVV","M-5-P-0-3-0","Monthly 5 MB Pooled VER","VZW",,"SO-11397"
"577","ACFN","1584","577","ACFN","SO-11595A","45293","2017-06-21 18:00:00","2018-06-13 18:00:00","MRC-005-01RP-EVV","M-5-P-0-3-0","Monthly 5 MB Pooled VER","VZW",,"SO-11595"
"577","ACFN","1584","577","ACFN","SO-12210A","46734","2018-05-09 18:00:00","2018-06-17 18:00:00","MRC-005-01RP-EVV","M-5-P-0-3-0","Monthly 5 MB Pooled VER","VZW",,"SO-12210"
"582","Caribbean Sun Technology","1620","582","Caribbean Sun Technology","SO-8808B","39061","2014-07-17 18:00:00","2018-06-21 18:00:00","MRC-005-01RP-EVV","M-5-P-0-3-0","Monthly 5 MB Pooled VER","VZW",,"SO-8808"
"582","Caribbean Sun Technology","1620","582","Caribbean Sun Technology","SO-9241A","40115","2014-10-27 18:00:00","2018-06-21 18:00:00","MRC-005-01RP-EVV","M-5-P-0-3-0","Monthly 5 MB Pooled VER","VZW",,"SO-9241"
"582","Caribbean Sun Technology","1620","582","Caribbean Sun Technology","SO-9438A","40542","2014-12-30 17:00:00","2018-06-21 18:00:00","MRC-005-01RP-EVV","M-5-P-0-3-0","Monthly 5 MB Pooled VER","VZW",,"SO-9438"
"582","Caribbean Sun Technology","1620","582","Caribbean Sun Technology","SO-10266A","42691","2015-10-06 18:00:00","2018-06-14 18:00:00","MRC-005-01RP-EVV","M-5-P-0-3-0","Monthly 5 MB Pooled VER","VZW",,"SO-10266"
"582","Caribbean Sun Technology","1620","582","Caribbean Sun Technology","SO-10266A","42692","2015-10-06 18:00:00","2018-06-14 18:00:00","MRC-005-01RP-EVV","M-5-P-0-3-0","Monthly 5 MB Pooled VER","VZW",,"SO-10266"
"582","Caribbean Sun Technology","1620","582","Caribbean Sun Technology","SO-10266A","42693","2015-10-06 18:00:00","2018-06-14 18:00:00","MRC-005-01RP-EVV","M-5-P-0-3-0","Monthly 5 MB Pooled VER","VZW",,"SO-10266"
"582","Caribbean Sun Technology","1620","582","Caribbean Sun Technology","SO-10874A","43871","2016-08-02 18:00:00","2018-06-14 18:00:00","MRC-005-01RP-EVV","M-5-P-0-3-0","Monthly 5 MB Pooled VER","VZW",,"SO-10874"
"582","Caribbean Sun Technology","1620","582","Caribbean Sun Technology","SO-10874A","43872","2016-08-02 18:00:00","2018-06-14 18:00:00","MRC-005-01RP-EVV","M-5-P-0-3-0","Monthly 5 MB Pooled VER","VZW",,"SO-10874"
"582","Caribbean Sun Technology","1620","582","Caribbean Sun Technology","SO-10874A","43874","2016-08-02 18:00:00","2018-06-14 18:00:00","MRC-005-01RP-EVV","M-5-P-0-3-0","Monthly 5 MB Pooled VER","VZW",,"SO-10874"
"582","Caribbean Sun Technology","1620","582","Caribbean Sun Technology","SO-10925B","44042","2016-09-13 18:00:00","2018-06-21 18:00:00","MRC-005-01RP-EVV","M-5-P-0-3-0","Monthly 5 MB Pooled VER","VZW",,"SO-10925"
"582","Caribbean Sun Technology","1620","582","Caribbean Sun Technology","SO-11003C","44130","2016-10-10 18:00:00","2018-06-21 18:00:00","MRC-005-01RP-EVV","M-5-P-0-3-0","Monthly 5 MB Pooled VER","VZW",,"SO-11003A"
"582","Caribbean Sun Technology","1620","582","Caribbean Sun Technology","SO-11003C","44131","2016-10-10 18:00:00","2018-06-21 18:00:00","MRC-005-01RP-EVV","M-5-P-0-3-0","Monthly 5 MB Pooled VER","VZW",,"SO-11003A"
"582","Caribbean Sun Technology","1620","582","Caribbean Sun Technology","SO-11216A","44832","2017-04-06 18:00:00","2018-06-21 18:00:00","MRC-005-01RP-EVV","M-5-P-0-3-0","Monthly 5 MB Pooled VER","VZW",,"SO-11216"
"582","Caribbean Sun Technology","1620","582","Caribbean Sun Technology","SO-11561A","45206","2017-06-12 18:00:00","2018-06-21 18:00:00","MRC-005-01RP-EVV","M-5-P-0-3-0","Monthly 5 MB Pooled VER","VZW",,"SO-11561"
"582","Caribbean Sun Technology","1620","582","Caribbean Sun Technology","SO-11561A","45207","2017-06-12 18:00:00","2018-06-21 18:00:00","MRC-005-01RP-EVV","M-5-P-0-3-0","Monthly 5 MB Pooled VER","VZW",,"SO-11561"
"582","Caribbean Sun Technology","1620","582","Caribbean Sun Technology","SO-11628B","45456","2017-07-04 18:00:00","2018-06-21 18:00:00","MRC-005-01RP-EVV","M-5-P-0-3-0","Monthly 5 MB Pooled VER","VZW",,"SO-11628"
"591","Silkwood Marketing","1661","591","Silkwood Marketing","SO-8615A","21951","2011-08-31 18:00:00","2018-06-14 18:00:00","MRC-005-01RP-1XU","M-5-P-0-2-0","Monthly 5 MB Pooled SP","SPRINT",,"SO-8615"
"591","Silkwood Marketing","1661","591","Silkwood Marketing","SO-8614E","4945","2009-09-29 18:00:00","2018-06-04 18:00:00","MRC-005-01RP-1XU","M-5-P-0-1-0","Monthly 5 MB Pooled US","USCC",,"SO-8614C"
"614","Convenient ATMs","1751","614","Convenient ATMs","SO-4925A","27399","2012-04-15 18:00:00","2018-06-13 18:00:00","MRC-005-01RP-1XU","M-5-P-0-1-0","Monthly 5 MB Pooled US","USCC",,"SO-4925"
"614","Convenient ATMs","1751","614","Convenient ATMs","SO-11256A","44581","2017-02-20 17:00:00","2018-06-12 18:00:00","MRC-005-01RP-1XU","M-5-P-0-2-0","Monthly 5 MB Pooled SP","SPRINT",,"SO-11256"
"614","Convenient ATMs","1751","614","Convenient ATMs","SO-11256A","44582","2017-02-20 17:00:00","2018-06-12 18:00:00","MRC-005-01RP-1XU","M-5-P-0-2-0","Monthly 5 MB Pooled SP","SPRINT",,"SO-11256"
"614","Convenient ATMs","1751","614","Convenient ATMs","SO-11256A","44583","2017-02-20 17:00:00","2018-06-12 18:00:00","MRC-005-01RP-1XU","M-5-P-0-2-0","Monthly 5 MB Pooled SP","SPRINT",,"SO-11256"
"696","Rosebud Cotton Co., Inc DBA Rosebud Telephone","2027","696","Rosebud Cotton Co., Inc DBA Rosebud Telephone","SO-4053E","24033","2011-11-09 17:00:00","2018-06-29 18:00:00","MRC-005-01RP-1XU","M-5-P-0-1-0","Monthly 5 MB Pooled US","USCC",,"SO-4053C"
"696","Rosebud Cotton Co., Inc DBA Rosebud Telephone","2027","696","Rosebud Cotton Co., Inc DBA Rosebud Telephone","SO-4053E","24036","2011-11-09 17:00:00","2018-06-29 18:00:00","MRC-005-01RP-1XU","M-5-P-0-1-0","Monthly 5 MB Pooled US","USCC",,"SO-4053C"
"696","Rosebud Cotton Co., Inc DBA Rosebud Telephone","2027","696","Rosebud Cotton Co., Inc DBA Rosebud Telephone","SO-4053E","24037","2011-11-09 17:00:00","2018-06-29 18:00:00","MRC-005-01RP-1XU","M-5-P-0-1-0","Monthly 5 MB Pooled US","USCC",,"SO-4053C"
"696","Rosebud Cotton Co., Inc DBA Rosebud Telephone","2027","696","Rosebud Cotton Co., Inc DBA Rosebud Telephone","SO-4053D","24038","2011-11-09 17:00:00","2018-06-10 18:00:00","MRC-005-01RP-1XU","M-5-P-0-1-0","Monthly 5 MB Pooled US","USCC",,"SO-4053C"
"696","Rosebud Cotton Co., Inc DBA Rosebud Telephone","2027","696","Rosebud Cotton Co., Inc DBA Rosebud Telephone","SO-7788B","36173","2013-10-13 18:00:00","2018-06-10 18:00:00","MRC-005-01RP-EVV","M-5-P-0-1-0","Monthly 5 MB Pooled US","USCC",,"SO-7788"
"696","Rosebud Cotton Co., Inc DBA Rosebud Telephone","2027","696","Rosebud Cotton Co., Inc DBA Rosebud Telephone","SO-7788A","36174","2013-10-13 18:00:00","2018-06-05 18:00:00","MRC-005-01RP-EVV","M-5-P-0-1-0","Monthly 5 MB Pooled US","USCC",,"SO-7788"
"696","Rosebud Cotton Co., Inc DBA Rosebud Telephone","2027","696","Rosebud Cotton Co., Inc DBA Rosebud Telephone","SO-8593B","38500","2014-05-18 18:00:00","2018-06-11 18:00:00","MRC-005-01RP-EVV","M-5-P-0-3-0","Monthly 5 MB Pooled VER","VZW",,"SO-8593A"
"696","Rosebud Cotton Co., Inc DBA Rosebud Telephone","2027","696","Rosebud Cotton Co., Inc DBA Rosebud Telephone","SO-8915A","39747","2014-08-20 18:00:00","2018-06-05 18:00:00","MRC-005-01RP-EVV","M-5-P-0-3-0","Monthly 5 MB Pooled VER","VZW",,"SO-8915"
"696","Rosebud Cotton Co., Inc DBA Rosebud Telephone","2027","696","Rosebud Cotton Co., Inc DBA Rosebud Telephone","SO-8977F","39885","2014-09-17 18:00:00","2018-06-05 18:00:00","MRC-005-01RP-EVV","M-5-P-0-3-0","Monthly 5 MB Pooled VER","VZW",,"SO-8977E"
"696","Rosebud Cotton Co., Inc DBA Rosebud Telephone","2027","696","Rosebud Cotton Co., Inc DBA Rosebud Telephone","SO-8995C","39894","2014-09-21 18:00:00","2018-06-11 18:00:00","MRC-005-01RP-EVV","M-5-P-0-3-0","Monthly 5 MB Pooled VER","VZW",,"SO-8995"
"696","Rosebud Cotton Co., Inc DBA Rosebud Telephone","2027","696","Rosebud Cotton Co., Inc DBA Rosebud Telephone","SO-8995B","39895","2014-09-21 18:00:00","2018-06-04 18:00:00","MRC-005-01RP-EVV","M-5-P-0-3-0","Monthly 5 MB Pooled VER","VZW",,"SO-8995"
"696","Rosebud Cotton Co., Inc DBA Rosebud Telephone","2027","696","Rosebud Cotton Co., Inc DBA Rosebud Telephone","SO-8995B","39897","2014-09-21 18:00:00","2018-06-04 18:00:00","MRC-005-01RP-EVV","M-5-P-0-3-0","Monthly 5 MB Pooled VER","VZW",,"SO-8995"
"696","Rosebud Cotton Co., Inc DBA Rosebud Telephone","2027","696","Rosebud Cotton Co., Inc DBA Rosebud Telephone","SO-9432D","40486","2014-12-28 17:00:00","2018-06-05 18:00:00","MRC-005-01RP-EVV","M-5-P-0-3-0","Monthly 5 MB Pooled VER","VZW",,"SO-9432"
"696","Rosebud Cotton Co., Inc DBA Rosebud Telephone","2027","696","Rosebud Cotton Co., Inc DBA Rosebud Telephone","SO-9903A","41864","2015-05-13 18:00:00","2018-06-05 18:00:00","MRC-005-01RP-EVV","M-5-P-0-3-0","Monthly 5 MB Pooled VER","VZW",,"SO-9903"
"696","Rosebud Cotton Co., Inc DBA Rosebud Telephone","2027","696","Rosebud Cotton Co., Inc DBA Rosebud Telephone","SO-9903A","41865","2015-05-13 18:00:00","2018-06-05 18:00:00","MRC-005-01RP-EVV","M-5-P-0-3-0","Monthly 5 MB Pooled VER","VZW",,"SO-9903"
"696","Rosebud Cotton Co., Inc DBA Rosebud Telephone","2027","696","Rosebud Cotton Co., Inc DBA Rosebud Telephone","SO-10265A","42689","2015-10-05 18:00:00","2018-06-05 18:00:00","MRC-005-01RP-EVV","M-5-P-0-3-0","Monthly 5 MB Pooled VER","VZW",,"SO-10265"
"718","Money Trak ATM & Vending","1912","718","Money Trak ATM & Vending","SO-7031A","34345","2013-04-18 18:00:00","2018-06-24 18:00:00","MRC-005-01RP-1XU","M-5-P-0-2-0","Monthly 5 MB Pooled SP","SPRINT",,"SO-7031"
"734","The Kent Companies","2155","734","The Kent Companies","SO-12261","46799","2018-06-11 18:00:00","2018-06-11 18:00:00","MRC-005-01RP-EVV","M-5-P-0-3-0","Monthly 5 MB Pooled VER","VZW",,"SO-12261"
"734","The Kent Companies","2155","734","The Kent Companies","SO-12261","46800","2018-06-11 18:00:00","2018-06-11 18:00:00","MRC-005-01RP-EVV","M-5-P-0-3-0","Monthly 5 MB Pooled VER","VZW",,"SO-12261"
"734","The Kent Companies","2155","734","The Kent Companies","SO-12261","46801","2018-06-11 18:00:00","2018-06-11 18:00:00","MRC-005-01RP-EVV","M-5-P-0-3-0","Monthly 5 MB Pooled VER","VZW",,"SO-12261"
"745","Asset Access LLC","2192","745","Asset Access LLC","SO-10125A","42443","2015-08-17 18:00:00","2018-06-10 18:00:00","MRC-005-01RP-EVV","M-5-P-0-3-0","Monthly 5 MB Pooled VER","VZW",,"SO-10125"
"756","Superior Press","2210","756","Superior Press","SO-10995A","44074","2016-09-26 18:00:00","2018-06-14 18:00:00","MRC-005-01RP-EVV","M-5-P-0-3-0","Monthly 5 MB Pooled VER","VZW",,"SO-10995"
"756","Superior Press","2210","756","Superior Press","SO-11224A","44538","2017-01-31 17:00:00","2018-06-14 18:00:00","MRC-005-01RP-EVV","M-5-P-0-3-0","Monthly 5 MB Pooled VER","VZW",,"SO-11224"
"765","Ware Shoals School District 51","2221","765","Ware Shoals School District 51","SO-12108A","46616","2018-03-19 18:00:00","2018-06-13 18:00:00","MRC-005-01RP-EVV","M-5-P-0-3-0","Monthly 5 MB Pooled VER","VZW",,"SO-12108"
"777","Frank Desanna","2284","777","Frank Desanna","SO-11955A","46297","2018-01-01 17:00:00","2018-06-26 18:00:00","MRC-005-01RP-1XU","M-5-P-0-1-0","Monthly 5 MB Pooled US","USCC",,"SO-11955"
"794","Retail Data Systems - Colorado","2322","794","Retail Data Systems - Colorado","SO-12066A","46423","2018-02-12 17:00:00","2018-06-14 18:00:00","MRC-005-01RP-EVV","M-5-P-0-3-0","Monthly 5 MB Pooled VER","VZW",,"SO-12066"
